ros_time,elapsed,phase,max_position_error,max_velocity,min_inter_agent_distance,fresh_agent_count,stale_agent_ids,hold_elapsed,model_hold_elapsed,model_hold_pending
1789745190.3324258,0.001574993,MOVING,2.0000000000000036,0.0,4.0,7,,0.0,,False
1789745190.3825707,0.051719904,MOVING,2.000000000000998,0.0010209793077240136,3.999999999999239,7,,0.0,,False
1789745190.4326363,0.101785421,MOVING,2.000000756721716,0.09207045225951536,3.999999999788943,7,,0.0,,False
1789745190.4826071,0.151756287,MOVING,2.0000277728263764,0.26407362486319697,3.999999999680027,7,,0.0,,False
1789745190.532598,0.201747179,MOVING,2.0001989103323132,0.43843675779806246,3.999999998988107,7,,0.0,,False
1789745190.5826814,0.251830578,MOVING,2.0007335788745375,0.5914251768571527,3.9999998048962113,7,,0.0,,False
1789745190.6326091,0.301758289,MOVING,2.00189883056625,0.7119528713896451,3.999997402615933,7,,0.0,,False
1789745190.6826372,0.351786375,MOVING,2.003936943213796,0.8043112367303424,3.999993781485794,7,,0.0,,False
1789745190.7326279,0.401777029,MOVING,2.0070498805051082,0.8769520939991108,3.9999346166285115,7,,0.0,,False
1789745190.7827215,0.45187068,MOVING,2.0111564664592327,0.9010176181250314,3.9997678897253297,7,,0.0,,False
1789745190.8325896,0.501738787,MOVING,2.0159360376184936,0.9010176181250314,3.999549539330281,7,,0.0,,False
1789745190.8825736,0.551722765,MOVING,2.020567176109368,0.9010176181250314,3.9989976576760244,7,,0.0,,False
1789745190.9325955,0.601744652,MOVING,2.0251642562111405,0.9010176181250314,3.9984376095895784,7,,0.0,,False
1789745190.9825337,0.651682854,MOVING,2.029609011516683,0.9010176181250314,3.9971657961397273,7,,0.0,,False
1789745191.0325794,0.701728582,MOVING,2.032697261287944,0.8432516606849765,3.9956126471658955,7,,0.0,,False
1789745191.0825658,0.751714945,MOVING,2.0347669312008834,0.6763986472047268,3.993973697358355,7,,0.0,,False
1789745191.1325917,0.801740885,MOVING,2.036975944008703,0.5651629198248861,3.9912761508632295,7,,0.0,,False
1789745191.1826546,0.85180378,MOVING,2.0393647184469974,0.4733142391114803,3.9877369928912225,7,,0.0,,False
1789745191.2326021,0.90175128,MOVING,2.0409600956027876,0.4825726687256644,3.983194692268637,7,,0.0,,False
1789745191.282665,0.951814175,MOVING,2.0421098454252475,0.4997841771055192,3.9761257646927817,7,,0.0,,False
1789745191.3332632,1.002412319,MOVING,2.043868888905812,0.4997841771055192,3.970392036214503,7,,0.0,,False
1789745191.3825371,1.0516862869999999,MOVING,2.0462469303088113,0.5645718709001654,3.9617352557148515,7,,0.0,,False
1789745191.4326005,1.101749659,MOVING,2.049068339293346,0.6155482655449803,3.9513717109873285,7,,0.0,,False
1789745191.4826512,1.151800394,MOVING,2.0529239089454325,0.6158114478374108,3.9391546405581663,7,,0.0,,False
1789745191.5325866,1.201735735,MOVING,2.0579318122618013,0.6158114478374108,3.9215880618037846,7,,0.0,,False
1789745191.582603,1.251752138,MOVING,2.0639143822520407,0.6193471997199662,3.908307855441762,7,,0.0,,False
1789745191.632572,1.301721096,MOVING,2.070824196077867,0.648397079743628,3.8893009213549212,7,,0.0,,False
1789745191.6825697,1.351718903,MOVING,2.078728142194164,0.6952104396533031,3.867700934083389,7,,0.0,,False
1789745191.7325816,1.401730776,MOVING,2.087485749975993,0.7700364992128234,3.8433737835850588,7,,0.0,,False
1789745191.7825873,1.45173645,MOVING,2.0971766685182502,0.8480939944327807,3.8162246806016356,7,,0.0,,False
1789745191.832642,1.5017912390000001,MOVING,2.1077603553357873,0.9249173102801431,3.786212827769215,7,,0.0,,False
1789745191.882637,1.551786184,MOVING,2.116861533878588,1.0051146472779648,3.7533093965075546,7,,0.0,,False
1789745191.932575,1.601724148,MOVING,2.1312440551531444,1.0811739868624806,3.7175440795241457,7,,0.0,,False
1789745191.9826295,1.651778698,MOVING,2.143290727921951,1.156689866707522,3.6789532883945446,7,,0.0,,False
1789745192.0326362,1.701785326,MOVING,2.1550336668890044,1.2289014508534835,3.6376085983499977,7,,0.0,,False
1789745192.0826437,1.751792908,MOVING,2.166356856272722,1.2942849205881881,3.593597777192848,7,,0.0,,False
1789745192.1328902,1.802039385,MOVING,2.1772658191554273,1.355038367470376,3.5470241044447164,7,,0.0,,False
1789745192.1826339,1.8517830370000001,MOVING,2.187826443905595,1.406144219536536,3.4980205141396854,7,,0.0,,False
1789745192.2326055,1.901754618,MOVING,2.1981266174469276,1.4474101364069885,3.4467360559055242,7,,0.0,,False
1789745192.2826412,1.951790333,MOVING,2.208255616065323,1.4776046855323899,3.3933598629556294,7,,0.0,,False
1789745192.3326907,2.001839876,MOVING,2.2182995648918333,1.4966138896598922,3.338114419039878,7,,0.0,,False
1789745192.3826149,2.051764011,MOVING,2.2283934811398955,1.5508280327013588,3.281287289188466,7,,0.0,,False
1789745192.4330866,2.102235794,MOVING,2.2386919867544877,1.6063923939241693,3.2106416588184192,7,,0.0,,False
1789745192.4826107,2.151759863,MOVING,2.249125143168187,1.6366681381411499,3.164211985515282,7,,0.0,,False
1789745192.5326438,2.201792956,MOVING,2.2588360069105167,1.6657329347819536,3.1047378817092395,7,,0.0,,False
1789745192.5826523,2.251801491,MOVING,2.267405455428408,1.686228660314843,3.0324479944676184,7,,0.0,,False
1789745192.6326115,2.301760674,MOVING,2.2758102064273205,1.6903818138549007,2.986218983611063,7,,0.0,,False
1789745192.6826,2.351749182,MOVING,2.2844907072389575,1.6903818138549007,2.928197093980618,7,,0.0,,False
1789745192.732646,2.401795149,MOVING,2.2923585967626114,1.6903818138549007,2.871706256703473,7,,0.0,,False
1789745192.7826123,2.451761484,MOVING,2.2992946983907716,1.6903818138549007,2.8172396183664,7,,0.0,,False
1789745192.8326113,2.501760483,MOVING,2.3055539544036106,1.6903818138549007,2.765254484257507,7,,0.0,,False
1789745192.8826451,2.551794291,MOVING,2.3109479432570716,1.6894672036947664,2.716151303248724,7,,0.0,,False
1789745192.9326432,2.601792336,MOVING,2.3157875171379207,1.6782699520312685,2.6702464048741943,7,,0.0,,False
1789745192.9825957,2.651744843,MOVING,2.3199923212997127,1.6543111983820715,2.6277968249004173,7,,0.0,,False
1789745193.0326107,2.701759815,MOVING,2.3237939253026525,1.617952704950011,2.5804566196247265,7,,0.0,,False
1789745193.0828323,2.751981497,MOVING,2.3268670109978404,1.5699202360368212,2.546084831212656,7,,0.0,,False
1789745193.132614,2.801763058,MOVING,2.329208095621489,1.511189244298522,2.5063900563546966,7,,0.0,,False
1789745193.1826031,2.851752281,MOVING,2.330629609104221,1.4429173890624425,2.468169277864352,7,,0.0,,False
1789745193.2329607,2.902109861,MOVING,2.330893001329091,1.3663416135014994,2.4335248463269985,7,,0.0,,False
1789745193.282632,2.951781273,MOVING,2.330893001329091,1.282744422952473,2.4025508270183473,7,,0.0,,False
1789745193.3326201,3.001769304,MOVING,2.330893001329091,1.1934057958606004,2.375327045287373,7,,0.0,,False
1789745193.3826668,3.051815987,MOVING,2.330893001329091,1.0995769976364023,2.3518773397658252,7,,0.0,,False
1789745193.4326227,3.101771832,MOVING,2.330893001329091,1.002467240204171,2.3322020048286727,7,,0.0,,False
1789745193.4826076,3.151756764,MOVING,2.3306801740205025,0.9032238911748491,2.3162740308487204,7,,0.0,,False
1789745193.5328667,3.202015877,MOVING,2.3291935763378713,0.8029305199131842,2.3040344863351088,7,,0.0,,False
1789745193.5826306,3.251779795,MOVING,2.3260859222160537,0.7026002059811983,2.2954088701619124,7,,0.0,,False
1789745193.6325934,3.301742554,MOVING,2.32123537041009,0.6031776352489425,2.290296207841136,7,,0.0,,False
1789745193.6826425,3.35179162,MOVING,2.314463362645777,0.5373610775103099,2.28857821694232,7,,0.0,,False
1789745193.7326105,3.401759625,MOVING,2.305634067213913,0.47769271727574464,2.290118391926026,7,,0.0,,False
1789745193.78264,3.451789141,MOVING,2.2946165669407788,0.48470347892149945,2.29476163567677,7,,0.0,,False
1789745193.8326015,3.501750708,MOVING,2.281285552730199,0.5343496884319038,2.302338558537779,7,,0.0,,False
1789745193.8825996,3.551748753,MOVING,2.265548641840678,0.588754039269397,2.312664458585946,7,,0.0,,False
1789745193.9326074,3.601756573,MOVING,2.247326931148326,0.644730956826703,2.3255426952750557,7,,0.0,,False
1789745193.9825904,3.6517395969999997,MOVING,2.2265692070570435,0.7032397456451607,2.3407652786680075,7,,0.0,,False
1789745194.0325944,3.701743603,MOVING,2.2032483124576885,0.7588420993597219,2.3581161787471956,7,,0.0,,False
1789745194.0826025,3.751751661,MOVING,2.1773605005696623,0.8106865799825577,2.377373312417113,7,,0.0,,False
1789745194.132591,3.80174017,MOVING,2.1489195558249046,0.8586171987564937,2.39831103316122,7,,0.0,,False
1789745194.1826384,3.851787567,MOVING,2.117956766144318,0.9027681264047709,2.4207029439264973,7,,0.0,,False
1789745194.2326102,3.901759386,MOVING,2.08451899298379,0.9433930076311299,2.444323993783334,7,,0.0,,False
1789745194.2826204,3.95176959,MOVING,2.0486630623235733,0.9807942554359922,2.468953152957074,7,,0.0,,False
1789745194.3326454,4.001794577,MOVING,2.0104565827695935,1.0152686459243447,2.494375290933773,7,,0.0,,False
1789745194.3826082,4.051757336,MOVING,1.9699755546271314,1.0470426673751012,2.5203832429770765,7,,0.0,,False
1789745194.4326193,4.101768494,MOVING,1.927303280559276,1.0762659973967577,2.546779415592068,7,,0.0,,False
1789745194.4825842,4.151733399,MOVING,1.882531595396462,1.102990334711815,2.573377142699136,7,,0.0,,False
1789745194.5325472,4.201696396,MOVING,1.8357598041815562,1.1271793322320742,2.600001888773531,7,,0.0,,False
1789745194.5826862,4.251835346,MOVING,1.7870962971440838,1.1487229251769389,2.6264920252744273,7,,0.0,,False
1789745194.632683,4.301832199,MOVING,1.7366588146123425,1.1674582662551833,2.652699562035387,7,,0.0,,False
1789745194.6825633,4.351712465,MOVING,1.6845749678616306,1.18319542494389,2.678490512818652,7,,0.0,,False
1789745194.732586,4.401735067,MOVING,1.6309829372675155,1.1957418186228965,2.703745144645536,7,,0.0,,False
1789745194.7826,4.451749086,MOVING,1.5760310103197515,1.2049240614738537,2.7283580353047414,7,,0.0,,False
1789745194.8326674,4.501816511,MOVING,1.5348572519537433,1.2106049782708692,2.752237960627422,7,,0.0,,False
1789745194.8826134,4.551762581,MOVING,1.5211083002539794,1.2126957065944828,2.7753076686391513,7,,0.0,,False
1789745194.9326057,4.601754904,MOVING,1.5072669245892638,1.2126957065944828,2.7974950784316417,7,,0.0,,False
1789745194.9825938,4.651742935,MOVING,1.4933366380299051,1.2126957065944828,2.8187442468665216,7,,0.0,,False
1789745195.032582,4.701731205,MOVING,1.4793207484706032,1.2126957065944828,2.8390149609815136,7,,0.0,,False
1789745195.082751,4.751900196,MOVING,1.4652223785597092,1.2126957065944828,2.85829384037448,7,,0.0,,False
1789745195.1325874,4.801736593,MOVING,1.4510449837938757,1.2125174131722383,2.8765670788134967,7,,0.0,,False
1789745195.1826022,4.851751328,MOVING,1.4368052548024144,1.2095402846432497,2.8938343920246554,7,,0.0,,False
1789745195.2326083,4.9017574790000005,MOVING,1.4225063298072465,1.202993408105879,2.9101052275270383,7,,0.0,,False
1789745195.2826054,4.95175457,MOVING,1.408147408135905,1.1929806712425026,2.925394972490527,7,,0.0,,False
1789745195.3325906,5.00173974,MOVING,1.3937246063402828,1.1796539718861732,2.9397314405243873,7,,0.0,,False
1789745195.382653,5.051802158,MOVING,1.3792346506592108,1.1632034248029801,2.9531467657380133,7,,0.0,,False
1789745195.4325972,5.101746321,MOVING,1.3646775168345278,1.1438471416737992,2.965682118809076,7,,0.0,,False
1789745195.4825907,5.151739836,MOVING,1.3500500883273887,1.121819950748833,2.9773837017562617,7,,0.0,,False
1789745195.5325804,5.201729536,MOVING,1.335354244650661,1.0973634251618163,2.988302569112929,7,,0.0,,False
1789745195.582612,5.251761198,MOVING,1.3205910194319455,1.070716237340313,2.998494583406622,7,,0.0,,False
1789745195.632673,5.301822186,MOVING,1.3057628905493224,1.0421063197501619,3.0080180591765706,7,,0.0,,False
1789745195.683489,5.352638245,MOVING,1.287889537225141,1.0117451542505478,3.016934432096311,7,,0.0,,False
1789745195.7325943,5.401743412,MOVING,1.2759284549137078,0.9798233526935111,3.0253065540887274,7,,0.0,,False
1789745195.7825682,5.451717377,MOVING,1.2609308287050054,0.9467214473406673,3.0331984212663454,7,,0.0,,False
1789745195.8325877,5.501736879,MOVING,1.2458859108069698,0.9139453753726811,3.040674505474402,7,,0.0,,False
1789745195.8826962,5.551845312,MOVING,1.2307986510132896,0.8799949657780387,3.0477989761754434,7,,0.0,,False
1789745195.9326077,5.601756811,MOVING,1.2156740881350898,0.8449605346926107,3.054635375803472,7,,0.0,,False
1789745195.9827378,5.65188694,MOVING,1.2005165644325335,0.80892880414012,3.0612459229203313,7,,0.0,,False
1789745196.032533,5.701682091,MOVING,1.1853307477743584,0.7719682781933354,3.067691142069622,7,,0.0,,False
1789745196.082557,5.751706123,MOVING,1.1701207270166858,0.7341347086401571,3.074029366339306,7,,0.0,,False
1789745196.1326168,5.801765919,MOVING,1.154890585332574,0.6954894100603085,3.0803163771172617,7,,0.0,,False
1789745196.1825984,5.851747513,MOVING,1.1396442797708022,0.6560838362032144,3.0866049990046713,7,,0.0,,False
1789745196.2327256,5.901874781,MOVING,1.1243855744623428,0.6159808638464203,3.092944785576444,7,,0.0,,False
1789745196.2826,5.9517490859999995,MOVING,1.1091183142861858,0.5752488878816151,3.099381758458936,7,,0.0,,False
1789745196.332602,6.001751185,MOVING,1.0938462457981832,0.5339685490547491,3.1059581666389415,7,,0.0,,False
1789745196.3830893,6.052238464,MOVING,1.0785731776962992,0.4922394664779851,3.112712336531866,7,,0.0,,False
1789745196.432631,6.101780176,MOVING,1.063302965497335,0.4501779576584884,3.1196785064263146,7,,0.0,,False
1789745196.482604,6.151753187,MOVING,1.0480394980995582,0.4079263023653397,3.12688678938694,7,,0.0,,False
1789745196.5326154,6.201764584,MOVING,1.0327867378922393,0.3656518521670672,3.1343631081910135,7,,0.0,,False
1789745196.582614,6.251763106,MOVING,1.0175486543442052,0.3235520621341076,3.1421292121576707,7,,0.0,,False
1789745196.6325953,6.301744461,MOVING,1.00232924030141,0.3111882717397021,3.1502027512299717,7,,0.0,,False
1789745196.6826394,6.351788521,MOVING,0.9871324841685476,0.31066008933410144,3.1585973286848166,7,,0.0,,False
1789745196.7327373,6.401886463,MOVING,0.9719623371612155,0.31004853405784316,3.1673226477147094,7,,0.0,,False
1789745196.7827768,6.451925993,MOVING,0.9568227252490676,0.3093506223490305,3.176384668250377,7,,0.0,,False
1789745196.8326402,6.5017893319999995,MOVING,0.9417175088083093,0.3085646262506633,3.1857857750822,7,,0.0,,False
1789745196.882588,6.55173707,MOVING,0.9266504892003737,0.3076912082204935,3.1955250173711387,7,,0.0,,False
1789745196.932839,6.601988077,MOVING,0.9116254065614492,0.30673128275981526,3.2055982986667293,7,,0.0,,False
1789745196.982538,6.651687145,MOVING,0.8966459229585811,0.3056874917414553,3.215998607643723,7,,0.0,,False
1789745197.032654,6.701803208,MOVING,0.8817156282417403,0.3045630320629786,3.226716266581025,7,,0.0,,False
1789745197.0825863,6.751735449,MOVING,0.8668380270685753,0.30336130130253997,3.2377391850432837,7,,0.0,,False
1789745197.1326017,6.801750898,MOVING,0.8520165322340348,0.30208609049084917,3.249053114960118,7,,0.0,,False
1789745197.182594,6.8517432209999996,MOVING,0.8372544777246054,0.30074077972097035,3.260641898888799,7,,0.0,,False
1789745197.2326827,6.901831865,MOVING,0.8225551176778317,0.2993284859574582,3.2724877482544867,7,,0.0,,False
1789745197.282592,6.951741219,MOVING,0.8079216268171839,0.2978520876534517,3.2845714948980893,7,,0.0,,False
1789745197.3327065,7.001855612,MOVING,0.7933570921322639,0.29631417517901476,3.2968728307504067,7,,0.0,,False
1789745197.3826041,7.051753283,MOVING,0.7788645117767088,0.294717068755809,3.309370554913538,7,,0.0,,False
1789745197.432596,7.101745129,MOVING,0.7644467920571916,0.29306288288402726,3.322042809953146,7,,0.0,,False
1789745197.4826145,7.151763678,MOVING,0.7501067308087945,0.29135379226078045,3.3348673217907505,7,,0.0,,False
1789745197.53268,7.201829195,MOVING,0.7358470163108066,0.28959178739358216,3.3478215847125408,7,,0.0,,False
1789745197.5825996,7.2517488,MOVING,0.7216702243615106,0.28777886337824865,3.3608830714509765,7,,0.0,,False
1789745197.632655,7.301804066,MOVING,0.7075788145802966,0.28591710997240743,3.374029434305521,7,,0.0,,False
1789745197.6826336,7.351782799,MOVING,0.6935751225365911,0.28400879479175223,3.387238674627404,7,,0.0,,False
1789745197.7325995,7.401748657,MOVING,0.6796613543845725,0.28205605711462994,3.400489302394114,7,,0.0,,False
1789745197.7826126,7.451761723,MOVING,0.6658396024251872,0.2800613251561167,3.4137604813132953,7,,0.0,,False
1789745197.832528,7.5016772750000005,MOVING,0.6521118298318268,0.27802722548452014,3.4270321560051626,7,,0.0,,False
1789745197.8825977,7.551746845,MOVING,0.6384798753247407,0.27595612472366265,3.4402851561549004,7,,0.0,,False
1789745197.9326127,7.601761818,MOVING,0.6249454501932624,0.2738510027699891,3.4535012983240954,7,,0.0,,False
1789745197.9825773,7.651726484,MOVING,0.6115101412298067,0.27171430956588416,3.466663472514226,7,,0.0,,False
1789745198.0325902,7.701739311,MOVING,0.5981754181982119,0.2695487237998314,3.4797557054592727,7,,0.0,,False
1789745198.0826051,7.751754284,MOVING,0.5849426354297685,0.2673568140352071,3.4927631966500274,7,,0.0,,False
1789745198.1326084,7.801757574,MOVING,0.5718130432147132,0.26514080597872697,3.505672369320506,7,,0.0,,False
1789745198.1827435,7.8518927099999996,MOVING,0.5587877877469997,0.2629031682360386,3.5184708842657013,7,,0.0,,False
1789745198.2326164,7.901765585,MOVING,0.5458679155676064,0.2606459559855152,3.5311476436035036,7,,0.0,,False
1789745198.2825694,7.951718569,MOVING,0.5330543820041481,0.2583712260914047,3.5436928016785734,7,,0.0,,False
1789745198.33267,8.001819134,MOVING,0.5203480610911047,0.2560806964167257,3.556097739636715,7,,0.0,,False
1789745198.3827648,8.051913977,MOVING,0.507749747840872,0.25377600546907225,3.568355046493212,7,,0.0,,False
1789745198.432621,8.101770163,MOVING,0.49526017023339863,0.2514586950544478,3.5804584918449183,7,,0.0,,False
1789745198.482597,8.151746273,HOLDING,0.48287999187369374,0.24913008917919693,3.592402978311132,7,,0.0,,False
1789745198.532648,8.201797247,HOLDING,0.470609817090692,0.24679143679086799,3.604184494431461,7,,0.050050973892211914,,False
1789745198.5826597,8.251808882,HOLDING,0.4584501996521241,0.24444387655728078,3.615800058563273,7,,0.10006260871887207,,False
1789745198.632611,8.301760197,HOLDING,0.44640164333225885,0.2420884550876548,3.627247658553078,7,,0.15001392364501953,,False
1789745198.682631,8.351780176,HOLDING,0.4344646087914642,0.2397261109979423,3.638526186964877,7,,0.20003390312194824,,False
1789745198.7326078,8.401757002,HOLDING,0.42263951879862977,0.2373577049952592,3.649635375301861,7,,0.25001072883605957,,False
1789745198.7826526,8.451801777,HOLDING,0.41092676362208685,0.23498393141207968,3.660575719859806,7,,0.30005550384521484,,False
1789745198.832622,8.501771212,HOLDING,0.39932670783736984,0.23260541342886784,3.6713484123721973,7,,0.350024938583374,,False
1789745198.882611,8.551760197,HOLDING,0.3878396935660186,0.23022273993108205,3.681955264495149,7,,0.40001392364501953,,False
1789745198.9327536,8.601902723,HOLDING,0.3764660456138074,0.22783634140931994,3.6923986327000162,7,,0.45015645027160645,,False
1789745198.9826496,8.651798725,HOLDING,0.36520607425079377,0.2254466489332585,3.7026813469904356,7,,0.5000524520874023,,False
1789745199.0326288,8.701777934999999,HOLDING,0.3540600808642848,0.22305396730626809,3.7128066421529855,7,,0.5500316619873047,,False
1789745199.0826058,8.751754999,HOLDING,0.3430283594346979,0.22065852952919676,3.7227780807286353,7,,0.6000087261199951,,False
1789745199.1326003,8.801749468,HOLDING,0.33211120271400013,0.21826056351428919,3.732599492350817,7,,0.65000319480896,,False
1789745199.182649,8.851798058,HOLDING,0.3213089035187816,0.21586019316641586,3.742274903765154,7,,0.7000517845153809,,False
1789745199.2326531,8.901802302,HOLDING,0.31062175742379217,0.21345742336198165,3.75180847689272,7,,0.7500560283660889,,False
1789745199.2826102,8.951759338,HOLDING,0.300050063744442,0.21105242751407444,3.7612044495194854,7,,0.8000130653381348,,False
1789745199.3326032,9.001752377,HOLDING,0.2895941302178528,0.2086451620816413,3.7704670838164493,7,,0.850006103515625,,False
1789745199.382595,9.051744223,HOLDING,0.279254270330078,0.20623564473986478,3.77960060843265,7,,0.8999979496002197,,False
1789745199.432636,9.101785183,HOLDING,0.2690308108759413,0.20382382193921647,3.7886091734393963,7,,0.9500389099121094,,False
1789745199.4826047,9.151753903,HOLDING,0.25892408840696834,0.20140968074788848,3.7974968102751454,7,,1.0000076293945312,,False
1789745199.5326324,9.201781511,HOLDING,0.24893445512156065,0.19899305518574134,3.8062673879028366,7,,1.0500352382659912,,False
1789745199.5825858,9.251734972,HOLDING,0.23906227726144313,0.19657394486031513,3.8149245848794293,7,,1.0999886989593506,,False
1789745199.6326127,9.301761866,HOLDING,0.22930794141524488,0.19415215034646335,3.8234718558692333,7,,1.1500155925750732,,False
1789745199.6825914,9.351740599,HOLDING,0.2196718524216526,0.19172766895993879,3.831912411270002,7,,1.1999943256378174,,False
1789745199.7326725,9.401821613,HOLDING,0.21015443937265252,0.18930026171861442,3.840249195889469,7,,1.250075340270996,,False
1789745199.7826326,9.45178175,HOLDING,0.20075615603100702,0.18686995698926726,3.8484848669239624,7,,1.3000354766845703,,False
1789745199.8326015,9.501750708,HOLDING,0.1914774825521388,0.18443658225246642,3.856621785750374,7,,1.3500044345855713,,False
1789745199.88261,9.551759243,HOLDING,0.182318932886875,0.18200013911498888,3.8646620049657603,7,,1.4000129699707031,,False
1789745199.9327784,9.601927519,HOLDING,0.173281053562326,0.17956056180927185,3.8726072680841903,7,,1.450181245803833,,False
1789745199.9825804,9.651729584,HOLDING,0.16436443670429302,0.17711774178384412,3.8804590055547283,7,,1.499983310699463,,False
1789745200.032595,9.70174408,HOLDING,0.1555697266977731,0.1746717452195522,3.8882183371079915,7,,1.5499978065490723,,False
1789745200.082549,9.751698256,HOLDING,0.14689763320780203,0.17222239997418215,3.8958860781873463,7,,1.599951982498169,,False
1789745200.1325762,9.801725388,HOLDING,0.13834894898976932,0.16976974565971278,3.903462745978221,7,,1.6499791145324707,,False
1789745200.1826537,9.851802826,HOLDING,0.12992456620141105,0.1673137603279331,3.9109485743938643,7,,1.700056552886963,,False
1789745200.2325382,9.901687384,HOLDING,0.12162551095615944,0.16485443345803896,3.9183434855652792,7,,1.749941110610962,,False
1789745200.2825758,9.951725006,HOLDING,0.11345297904146749,0.16239182311672257,3.925646324188168,7,,1.7999787330627441,,False
1789745200.3325827,10.001731873,HOLDING,0.10540839490833052,0.15992594922153103,3.932856424890049,7,,1.8499855995178223,,False
1789745200.3826094,10.051758528,HOLDING,0.09749349220007193,0.15745691923947586,3.939973751251597,7,,1.9000122547149658,,False
1789745200.4326115,10.101760626,HOLDING,0.0897104331997405,0.15498475273094042,3.946997358612189,7,,1.950014352798462,,False
1789745200.482625,10.151774168,HOLDING,0.0820620531147983,0.15252239076631466,3.95392671660101,7,,2.000027894973755,,False
1789745200.532615,10.201764107,HOLDING,0.07455514765809423,0.15001106926022106,3.960760914752094,7,,2.050017833709717,,False
1789745200.5826473,10.251796484,HOLDING,0.06719688611014235,0.14750895137922698,3.9674988198362695,7,,2.100050210952759,,False
1789745200.632923,10.302072048,HOLDING,0.05999447524131917,0.14499529968413621,3.9735424267679926,7,,2.1503257751464844,,False
1789745200.6826344,10.351783514,HOLDING,0.0529610900581567,0.14248619349378833,3.976807281673924,7,,2.2000372409820557,,False
1789745200.7325451,10.401694298,HOLDING,0.04611331855469255,0.13999947620891415,3.9799857345642224,7,,2.249948024749756,,False
1789745200.7825415,10.451690674,HOLDING,0.03948080113523079,0.1375280804374362,3.98308507723383,7,,2.2999444007873535,,False
1789745200.832535,10.501684189,HOLDING,0.033113872504533286,0.1350864619114123,3.9861186081120676,7,,2.349937915802002,,False
1789745200.8825645,10.551713705000001,HOLDING,0.027105067018800517,0.1326596038266941,3.983219769725791,7,,2.3999674320220947,,False
1789745200.932742,10.601891279,HOLDING,0.021639566413594644,0.130245280973376,3.980058143164285,7,,2.4501450061798096,,False
1789745200.9826155,10.651764631,HOLDING,0.023660789213436173,0.12783700910451232,3.9769363231479176,7,,2.500018358230591,,False
1789745201.0326293,10.701778412,HOLDING,0.02858627196695586,0.12542733979988482,3.973856372601814,7,,2.550032138824463,,False
1789745201.0826085,10.751757622,HOLDING,0.03367497808396744,0.12301336903202599,3.9708202727876154,7,,2.6000113487243652,,False
1789745201.1326036,10.801752806,HOLDING,0.03880753991674267,0.12058972665320125,3.9678299231773377,7,,2.6500065326690674,,False
1789745201.1828074,10.851956606,HOLDING,0.04392071910979111,0.11815536331864122,3.9648866727859957,7,,2.7002103328704834,,False
1789745201.232633,10.901782274,HOLDING,0.04897835266442094,0.1157091520453254,3.961992004549973,7,,2.7500360012054443,,False
1789745201.2825673,10.951716423,HOLDING,0.05395856518618865,0.11325107339718984,3.9591469843928255,7,,2.7999701499938965,,False
1789745201.3326008,11.001749992,HOLDING,0.05884734406858564,0.1107818358170794,3.9563526275509835,7,,2.850003719329834,,False
1789745201.382605,11.051754236,HOLDING,0.06363532531536487,0.10830231352771037,3.9536098414255276,7,,2.900007963180542,,False
1789745201.4325862,11.101735354,HOLDING,0.06831604347324459,0.10581366576000892,3.950919340539896,7,,2.949989080429077,,False
1789745201.482619,11.151768208,HOLDING,0.07288485527425054,0.10331697742145557,3.9482818736670464,7,,3.0000219345092773,,False
1789745201.5326185,11.201767683,HOLDING,0.07733837643475258,0.10081323453951078,3.9456980330937887,7,,3.0500214099884033,,False
1789745201.582613,11.251762152,HOLDING,0.08167406176516226,0.09830311068421241,3.9431684259966566,7,,3.100015878677368,,False
1789745201.632666,11.301815271,HOLDING,0.08588997632273059,0.09578732918423229,3.9406936175862843,7,,3.150068998336792,,False
1789745201.6826336,11.351782799,HOLDING,0.08998463288447928,0.09326625894436404,3.938274146285394,7,,3.2000365257263184,,False
1789745201.7326684,11.40181756,HOLDING,0.09395687691702362,0.0907403406465451,3.935910568121129,7,,3.2500712871551514,,False
1789745201.7826383,11.451787472,HOLDING,0.09780582304404742,0.0882099348273345,3.9336034120738477,7,,3.3000411987304688,,False
1789745201.832638,11.501787186,HOLDING,0.10153079635870987,0.0856754251200896,3.931353231264268,7,,3.350040912628174,,False
1789745201.8826585,11.551807642,HOLDING,0.10513130344527029,0.08313742584654259,3.9291605765892648,7,,3.4000613689422607,,False
1789745201.9326477,11.601796866,HOLDING,0.10792186245308881,0.08059656976700783,3.9274482430543687,7,,3.4500505924224854,,False
1789745201.9826663,11.651815415,HOLDING,0.11195781125899011,0.07805375264835096,3.9249495581058067,7,,3.5000691413879395,,False
1789745202.0327368,11.701885939,HOLDING,0.11518356319388845,0.07551000587700381,3.9229326631336496,7,,3.5501396656036377,,False
1789745202.0825999,11.751749039,HOLDING,0.11828440600447025,0.07296655344515639,3.9209755514103204,7,,3.6000027656555176,,False
1789745202.1326396,11.801788807,HOLDING,0.12126047814428842,0.07042478859525414,3.919078767861202,7,,3.6500425338745117,,False
1789745202.1826532,11.851802349,HOLDING,0.12411199147149349,0.06788780185133478,3.9172428887975275,7,,3.7000560760498047,,False
1789745202.2326055,11.901754618,HOLDING,0.1268392540185734,0.06535365859744859,3.91546848292769,7,,3.7500083446502686,,False
1789745202.282584,11.951733112,HOLDING,0.1294426789198951,0.06282924346884869,3.9137560811143777,7,,3.7999868392944336,,False
1789745202.3326101,12.001759291,HOLDING,0.13192277674492592,0.060312703589179464,3.912106200127898,7,,3.850013017654419,,False
1789745202.3827481,12.051897287,HOLDING,0.13428015319381792,0.057805006650142536,3.91051931600724,7,,3.900151014328003,,False
1789745202.4326544,12.101803541,HOLDING,0.13651550032485824,0.05530778433076018,3.908995871557153,7,,3.9500572681427,,False
1789745202.4826014,12.151750565,HOLDING,0.13862958923926574,0.0528229008018601,3.9075362830098173,7,,4.000004291534424,,False
1789745202.532574,12.201723099,HOLDING,0.14062326935880257,0.050352120175430705,3.906140912555196,7,,4.049976825714111,,False
1789745202.5825264,12.251675606,HOLDING,0.14249745986999018,0.0478971800843192,3.904810090430313,7,,4.099929332733154,,False
1789745202.6325347,12.301683903,HOLDING,0.1442531487646808,0.04545968934570683,3.9035440984520284,7,,4.149937629699707,,False
1789745202.6826184,12.35176754,HOLDING,0.14589138860987097,0.043041183807125745,3.902343173204941,7,,4.200021266937256,,False
1789745202.7326922,12.401841402,HOLDING,0.14741329408893122,0.04064318409422554,3.901207500049347,7,,4.2500951290130615,,False
1789745202.78257,12.451719046000001,HOLDING,0.1488200381594714,0.038267127639959035,3.900137216529807,7,,4.299972772598267,,False
1789745202.832579,12.501728058,HOLDING,0.1501128494980589,0.035914559311359985,3.8991324094186934,7,,4.349981784820557,,False
1789745202.882544,12.551693200999999,HOLDING,0.15129301045734808,0.033587019150474705,3.898193109812015,7,,4.399946928024292,,False
1789745202.9326344,12.601783514,HOLDING,0.15236185384733397,0.03128618597156865,3.8973192961278396,7,,4.450037240982056,,False
1789745202.982541,12.651690245,HOLDING,0.1533207602822188,0.02901384818279116,3.8965108949256946,7,,4.499943971633911,,False
1789745203.032598,12.701747179,HOLDING,0.15417115614772986,0.026772029859632025,3.8957677789655265,7,,4.550000905990601,,False
1789745203.0825722,12.751721382,HOLDING,0.15491451167180326,0.024563089666341582,3.895089765485185,7,,4.599975109100342,,False
1789745203.1326005,12.801749706,HOLDING,0.15555233779347957,0.022389834333348825,3.894476620975381,7,,4.650003433227539,,False
1789745203.1826072,12.851756334,HOLDING,0.15608618453235876,0.020255716489161756,3.893928058572679,7,,4.700010061264038,,False
1789745203.2325804,12.901729584,HOLDING,0.1565176387127869,0.01816532367862358,3.8934437398739554,7,,4.749983310699463,,False
1789745203.2825933,12.951742411,HOLDING,0.15684832162591617,0.01612491727982573,3.893023276983627,7,,4.7999961376190186,,False
1789745203.3326132,13.00176239,HOLDING,0.15707988801950107,0.014143510822262544,3.89266622923154,7,,4.850016117095947,,False
1789745203.382604,13.051753044,HOLDING,0.15721402273652252,0.012234759784364462,3.8923721110771576,7,,4.9000067710876465,,False
1789745203.4326077,13.101756811,HOLDING,0.15725244056816115,0.010420692191555562,3.8921403858960573,7,,4.950010538101196,,False
1789745203.4826055,13.151754618,HOLDING,0.15725244056816115,0.008738564943255867,3.891970471805802,7,,5.0000083446502686,4.959999999999013,True
1789745203.5326254,13.201774597,HOLDING,0.15725244056816115,0.0072538638704392235,3.8918617417395094,7,,5.050028324127197,5.019999999999001,False
