revision,activity_id,planned_start_s,planned_finish_s,actual_finish_s,first_goal_dispatch_s
1,b-09b8504be510::support:0,0.0,450.69990415826516,,0.35004568099975586
1,b-09b8504be510::support:1,450.69990415826516,464.4435895769907,,1103.5300455093384
2,b-09b8504be510::support:0,0.0,450.69990415826516,1103.3799998760223,0.35004568099975586
2,b-09b8504be510::support:1,1103.3799998760223,1117.123685294748,,1103.5300455093384
4,b-09b8504be510::support:0,0.0,450.69990415826516,1103.3799998760223,0.35004568099975586
4,b-09b8504be510::support:1,1103.3799998760223,1117.123685294748,1278.8099999427795,1103.5300455093384
5,b-09b8504be510::support:0,0.0,450.69990415826516,1103.3799998760223,0.35004568099975586
5,b-09b8504be510::support:1,1103.3799998760223,1117.123685294748,1278.8099999427795,1103.5300455093384
6,b-09b8504be510::support:0,0.0,450.69990415826516,1103.3799998760223,0.35004568099975586
6,b-09b8504be510::support:1,1103.3799998760223,1117.123685294748,1278.8099999427795,1103.5300455093384
