business,request_id,activity_id,execution_id,goal_id,member,endpoint,target_ref,phase,dispatch_s,verified_terminal_s,native_state,verified
A,circle-2.00-4.00-r2.00-mapping,exec-0000-circle-2.00-4.00-r2.00-mapping::offshore_air,exec-0000-circle-2.00-4.00-r2.00-mapping::offshore_air:step:0,/formation_mission_runner-1-1791134706.841,AAV2,/aav_2/formation_action,outbound-climb:offshore_air,air,0.19983363151550293,11.670000076293945,3,True
A,circle-2.00-4.00-r2.00-mapping,exec-0000-circle-2.00-4.00-r2.00-mapping::offshore_air,exec-0000-circle-2.00-4.00-r2.00-mapping::offshore_air:step:1,/formation_mission_runner-4-1791134718.461,AAV2,/aav_2/formation_action,outbound-overhead:offshore_air,air,11.819833517074585,99.27999997138977,3,True
A,circle-2.00-4.00-r2.00-mapping,exec-0000-circle-2.00-4.00-r2.00-mapping::offshore_air,exec-0000-circle-2.00-4.00-r2.00-mapping::offshore_air:step:2,/formation_mission_runner-5-1791134806.091,AAV2,/aav_2/formation_action,survey-entry:offshore_air,air,99.4498336315155,109.6100001335144,3,True
A,circle-2.00-4.00-r2.00-mapping,exec-0000-circle-2.00-4.00-r2.00-mapping::offshore_air,exec-0000-circle-2.00-4.00-r2.00-mapping::offshore_air:step:3,/formation_mission_runner-6-1791134816.311,AAV2,/aav_2/formation_action,survey:offshore_air,air,109.66983366012573,114.52999997138977,3,True
A,circle-2.00-4.00-r2.00-mapping,exec-0002-circle-2.00-4.00-r2.00-mapping::offshore_uuv-uuv,exec-0002-circle-2.00-4.00-r2.00-mapping::offshore_uuv-uuv:step:0,/formation_mission_runner-3-1791134706.861,UUV,/uuv/platform_task,offshore_uuv,water,0.2198336124420166,131.38000011444092,3,True
A,circle-2.00-4.00-r2.00-mapping,exec-0002-circle-2.00-4.00-r2.00-mapping::offshore_uuv-usv,exec-0002-circle-2.00-4.00-r2.00-mapping::offshore_uuv-usv:step:0,/formation_mission_runner-2-1791134706.851,USV,/usv/platform_task,mapping_support,support,0.20983362197875977,291.0600001811981,3,True
A,circle-2.00-4.00-r2.00-mapping,exec-0001-circle-2.00-4.00-r2.00-mapping::offshore_aav_water,exec-0001-circle-2.00-4.00-r2.00-mapping::offshore_aav_water:step:0,/formation_mission_runner-7-1791134996.751,AAV1,/aav_1/formation_action,transition:mapping_entry,air,290.1098334789276,379.0700001716614,3,True
A,circle-2.00-4.00-r2.00-mapping,exec-0001-circle-2.00-4.00-r2.00-mapping::offshore_aav_water,exec-0001-circle-2.00-4.00-r2.00-mapping::offshore_aav_water:step:1,/formation_mission_runner-8-1791135085.771,AAV1,/drone_0_qn_aav/platform_task,offshore_aav_water,water,379.1298334598541,425.37000012397766,3,True
A,circle-2.00-4.00-r2.00-mapping,circle-2.00-4.00-r2.00-mapping::formation-assembly:drone_2,circle-2.00-4.00-r2.00-mapping::formation-assembly:drone_2:step:0,/formation_mission_runner-13-1791135133.861,AAV3,/aav_3/formation_action,return:formation-climb:drone_2,assembly,427.219833612442,438.25999999046326,3,True
A,circle-2.00-4.00-r2.00-mapping,circle-2.00-4.00-r2.00-mapping::formation-assembly:drone_2,circle-2.00-4.00-r2.00-mapping::formation-assembly:drone_2:step:1,/formation_mission_runner-14-1791135145.051,AAV3,/aav_3/formation_action,return:formation-slot:drone_2,assembly,438.4098336696625,443.0900001525879,3,True
A,circle-2.00-4.00-r2.00-mapping,circle-2.00-4.00-r2.00-mapping::formation-assembly:drone_0,circle-2.00-4.00-r2.00-mapping::formation-assembly:drone_0:step:0,/formation_mission_runner-11-1791135133.851,AAV1,/aav_1/formation_action,return:formation-climb:drone_0,assembly,427.20983362197876,513.8500001430511,3,True
A,circle-2.00-4.00-r2.00-mapping,circle-2.00-4.00-r2.00-mapping::formation-assembly:drone_1,circle-2.00-4.00-r2.00-mapping::formation-assembly:drone_1:step:0,/formation_mission_runner-12-1791135133.861,AAV2,/aav_2/formation_action,return:formation-climb:drone_1,assembly,427.219833612442,517.5299999713898,3,True
A,circle-2.00-4.00-r2.00-mapping,circle-2.00-4.00-r2.00-mapping::formation-assembly:drone_0,circle-2.00-4.00-r2.00-mapping::formation-assembly:drone_0:step:1,/formation_mission_runner-15-1791135220.601,AAV1,/aav_1/formation_action,return:formation-slot:drone_0,assembly,513.9598336219788,518.6100001335144,3,True
A,circle-2.00-4.00-r2.00-mapping,circle-2.00-4.00-r2.00-mapping::formation-assembly:drone_1,circle-2.00-4.00-r2.00-mapping::formation-assembly:drone_1:step:1,/formation_mission_runner-16-1791135224.251,AAV2,/aav_2/formation_action,return:formation-slot:drone_1,assembly,517.6098334789276,522.4300000667572,3,True
A,circle-2.00-4.00-r2.00-mapping,circle-2.00-4.00-r2.00-mapping::formation-return,circle-2.00-4.00-r2.00-mapping::formation-return:step:0,/formation_mission_runner-17-1791135229.301,AAV编队,/aav_formation/formation_action,return:formation-assemble,return,522.6598336696625,539.4500000476837,3,True
A,circle-2.00-4.00-r2.00-mapping,exec-0002-circle-2.00-4.00-r2.00-mapping::offshore_uuv-usv,exec-0002-circle-2.00-4.00-r2.00-mapping::offshore_uuv-usv:step:1,/formation_mission_runner-9-1791135133.601,USV,/usv/platform_task,return:usv,return,426.95983362197876,572.1900000572205,3,True
A,circle-2.00-4.00-r2.00-mapping,circle-2.00-4.00-r2.00-mapping::formation-return,circle-2.00-4.00-r2.00-mapping::formation-return:step:1,/formation_mission_runner-18-1791135246.251,AAV编队,/aav_formation/formation_action,return:formation-transit,return,539.6098334789276,572.8600001335144,3,True
A,circle-2.00-4.00-r2.00-mapping,exec-0002-circle-2.00-4.00-r2.00-mapping::offshore_uuv-uuv,exec-0002-circle-2.00-4.00-r2.00-mapping::offshore_uuv-uuv:step:1,/formation_mission_runner-10-1791135133.711,UUV,/uuv/platform_task,return:uuv,return,427.0698335170746,620.5199999809265,3,True
A,circle-2.00-4.00-r2.00-mapping,circle-2.00-4.00-r2.00-mapping::formation-return,circle-2.00-4.00-r2.00-mapping::formation-return:step:2,/formation_mission_runner-19-1791135279.681,AAV编队,/aav_formation/formation_action,return:formation-home,return,573.0398335456848,627.710000038147,3,True
B,b-09b8504be510,b-09b8504be510::wind_1:foundation,b-09b8504be510::wind_1:foundation:step:0,/formation_mission_runner-5-1791110208.176,AAV2,/aav_2/formation_action,inspection-entry:wind_1:foundation,air,0.35004568099975586,130.14999985694885,3,True
B,b-09b8504be510,b-09b8504be510::wind_2:foundation,b-09b8504be510::wind_2:foundation,/formation_mission_runner-3-1791110208.166,UUV,/uuv/platform_task,wind_2:foundation,water,0.3400454521179199,526.8599998950958,3,True
B,b-09b8504be510,b-09b8504be510::wind_1:foundation,b-09b8504be510::wind_1:foundation:step:1,/formation_mission_runner-6-1791110338.076,AAV2,/drone_1_qn_aav/platform_task,wind_1:foundation,water,130.2500455379486,637.3799998760223,3,True
B,b-09b8504be510,b-09b8504be510::wind_2:air,b-09b8504be510::wind_2:air:step:0,/formation_mission_runner-2-1791110208.156,AAV1,/aav_1/formation_action,wind_2:air,air,0.3300454616546631,669.6799998283386,3,True
B,b-09b8504be510,b-09b8504be510::wind_2:air,b-09b8504be510::wind_2:air:step:1,/formation_mission_runner-7-1791110878.076,AAV1,/aav_1/formation_action,inspection-hold:wind_2:air,air,670.2500455379486,674.9199998378754,3,True
B,b-09b8504be510,b-09b8504be510::wind_1:air,b-09b8504be510::wind_1:air:step:0,/formation_mission_runner-1-1791110208.136,AAV3,/aav_3/formation_action,wind_1:air,air,0.3100454807281494,675.289999961853,3,True
B,b-09b8504be510,b-09b8504be510::wind_1:air,b-09b8504be510::wind_1:air:step:1,/formation_mission_runner-8-1791110883.276,AAV3,/aav_3/formation_action,inspection-hold:wind_1:air,air,675.4500455856323,680.1999998092651,3,True
B,b-09b8504be510,b-09b8504be510::support:0,b-09b8504be510::support:0:step:0,/formation_mission_runner-4-1791110208.176,USV,/usv/platform_task,inspection-support:wind_1:foundation,support,0.35004568099975586,1099.25,3,True
B,b-09b8504be510,b-09b8504be510::support:0,b-09b8504be510::support:0:step:1,/formation_mission_runner-9-1791111307.136,USV,/usv/platform_task,inspection-support-receipt:wind_1:foundation,support,1099.3100454807281,1103.329999923706,3,True
B,b-09b8504be510,b-09b8504be510::support:1,b-09b8504be510::support:1:step:0,/formation_mission_runner-10-1791111311.356,USV,/usv/platform_task,inspection-support:wind_2:foundation,support,1103.5300455093384,1274.7099997997284,3,True
B,b-09b8504be510,b-09b8504be510::support:1,b-09b8504be510::support:1:step:1,/formation_mission_runner-11-1791111482.576,USV,/usv/platform_task,inspection-support-receipt:wind_2:foundation,support,1274.7500455379486,1278.7699999809265,3,True
B,b-09b8504be510,b-09b8504be510::formation-assembly:drone_1,b-09b8504be510::formation-assembly:drone_1:step:0,/formation_mission_runner-12-1791111489.686,AAV2,/aav_2/formation_action,return:formation-climb:drone_1,assembly,1281.860045671463,1294.0599999427795,3,True
B,b-09b8504be510,b-09b8504be510::formation-assembly:drone_2,b-09b8504be510::formation-assembly:drone_2:step:0,/formation_mission_runner-14-1791111489.706,AAV3,/aav_3/formation_action,return:formation-climb:drone_2,assembly,1281.8800456523895,1294.119999885559,3,True
B,b-09b8504be510,b-09b8504be510::formation-assembly:drone_0,b-09b8504be510::formation-assembly:drone_0:step:0,/formation_mission_runner-16-1791111489.846,AAV1,/aav_1/formation_action,return:formation-climb:drone_0,assembly,1282.0200455188751,1294.539999961853,3,True
B,b-09b8504be510,b-09b8504be510::formation-assembly:drone_1,b-09b8504be510::formation-assembly:drone_1:step:1,/formation_mission_runner-17-1791111502.186,AAV2,/aav_2/formation_action,return:formation-slot:drone_1,assembly,1294.360045671463,1305.9800000190735,3,True
B,b-09b8504be510,b-09b8504be510::formation-assembly:drone_2,b-09b8504be510::formation-assembly:drone_2:step:1,/formation_mission_runner-18-1791111502.196,AAV3,/aav_3/formation_action,return:formation-slot:drone_2,assembly,1294.3700456619263,1310.9800000190735,3,True
B,b-09b8504be510,b-09b8504be510::formation-assembly:drone_0,b-09b8504be510::formation-assembly:drone_0:step:1,/formation_mission_runner-19-1791111502.656,AAV1,/aav_1/formation_action,return:formation-slot:drone_0,assembly,1294.8300454616547,1315.079999923706,3,True
B,b-09b8504be510,b-09b8504be510::formation-return,b-09b8504be510::formation-return:step:0,/formation_mission_runner-20-1791111523.586,AAV编队,/aav_formation/formation_action,return:formation-assemble,return,1315.7600455284119,1325.9399998188019,3,True
B,b-09b8504be510,b-09b8504be510::retained-return:usv,b-09b8504be510::retained-return:usv,/formation_mission_runner-15-1791111489.706,USV,/usv/platform_task,return:usv,return,1281.8800456523895,1574.7099997997284,3,True
B,b-09b8504be510,b-09b8504be510::retained-return:uuv,b-09b8504be510::retained-return:uuv,/formation_mission_runner-13-1791111489.696,UUV,/uuv/platform_task,return:uuv,return,1281.8700456619263,1638.5599999427795,3,True
B,b-09b8504be510,b-09b8504be510::formation-return,b-09b8504be510::formation-return:step:1,/formation_mission_runner-21-1791111533.936,AAV编队,/aav_formation/formation_action,return:formation-transit,return,1326.110045671463,1806.829999923706,3,True
B,b-09b8504be510,b-09b8504be510::formation-return,b-09b8504be510::formation-return:step:2,/formation_mission_runner-22-1791112015.086,AAV编队,/aav_formation/formation_action,return:formation-home,return,1807.2600455284119,1835.8899998664856,3,True
C,c-45b0c96d0f75,c-45b0c96d0f75::seabed_pipeline:pipeline,c-45b0c96d0f75::seabed_pipeline:pipeline:step:0,/formation_mission_runner-3-1791122498.513,AAV1,/aav_1/formation_action,inspection-entry:seabed_pipeline:pipeline,air,0.2395486831665039,113.98000001907349,3,True
C,c-45b0c96d0f75,c-45b0c96d0f75::production_platform:structure,c-45b0c96d0f75::production_platform:structure:step:0,/formation_mission_runner-4-1791122498.513,AAV3,/aav_3/formation_action,inspection-entry:production_platform:structure,air,0.2395486831665039,144.45000004768372,3,True
C,c-45b0c96d0f75,c-45b0c96d0f75::seabed_pipeline:pipeline,c-45b0c96d0f75::seabed_pipeline:pipeline:step:1,/formation_mission_runner-5-1791122612.263,AAV1,/drone_0_qn_aav/platform_task,seabed_pipeline:pipeline,water,113.9895486831665,524.6100001335144,3,True
C,c-45b0c96d0f75,c-45b0c96d0f75::production_platform:air,c-45b0c96d0f75::production_platform:air:step:0,/formation_mission_runner-1-1791122498.493,AAV2,/aav_2/formation_action,production_platform:air,air,0.21954870223999023,559.2200000286102,3,True
C,c-45b0c96d0f75,c-45b0c96d0f75::production_platform:air,c-45b0c96d0f75::production_platform:air:step:1,/formation_mission_runner-7-1791123057.633,AAV2,/aav_2/formation_action,inspection-hold:production_platform:air,air,559.3595485687256,564.0299999713898,3,True
C,c-45b0c96d0f75,c-45b0c96d0f75::support:0,c-45b0c96d0f75::support:0:step:0,/formation_mission_runner-2-1791122498.513,USV,/usv/platform_task,inspection-support:seabed_pipeline:pipeline,support,0.2395486831665039,724.2999999523163,3,True
C,c-45b0c96d0f75,c-45b0c96d0f75::support:0,c-45b0c96d0f75::support:0:step:1,/formation_mission_runner-8-1791123222.623,USV,/usv/platform_task,inspection-support-receipt:seabed_pipeline:pipeline,support,724.3495485782623,728.3700001239777,3,True
C,c-45b0c96d0f75,c-45b0c96d0f75::production_platform:structure,c-45b0c96d0f75::production_platform:structure:step:1,/formation_mission_runner-6-1791122642.753,AAV3,/drone_2_qn_aav/platform_task,production_platform:structure,water,144.47954869270325,871.6300001144409,3,True
C,c-45b0c96d0f75,c-45b0c96d0f75::support:1,c-45b0c96d0f75::support:1:step:0,/formation_mission_runner-9-1791123226.753,USV,/usv/platform_task,inspection-support:production_platform:structure,support,728.4795486927032,1102.3300001621246,3,True
C,c-45b0c96d0f75,c-45b0c96d0f75::support:1,c-45b0c96d0f75::support:1:step:1,/formation_mission_runner-10-1791123600.613,USV,/usv/platform_task,inspection-support-receipt:production_platform:structure,support,1102.339548587799,1106.3600001335144,3,True
C,c-45b0c96d0f75,c-45b0c96d0f75::formation-assembly:drone_0,c-45b0c96d0f75::formation-assembly:drone_0:step:0,/formation_mission_runner-11-1791123608.203,AAV1,/aav_1/formation_action,return:formation-climb:drone_0,assembly,1109.929548740387,1121.9700000286102,3,True
C,c-45b0c96d0f75,c-45b0c96d0f75::formation-assembly:drone_1,c-45b0c96d0f75::formation-assembly:drone_1:step:0,/formation_mission_runner-13-1791123608.223,AAV2,/aav_2/formation_action,return:formation-climb:drone_1,assembly,1109.9495487213135,1123.7400000095367,3,True
C,c-45b0c96d0f75,c-45b0c96d0f75::formation-assembly:drone_2,c-45b0c96d0f75::formation-assembly:drone_2:step:0,/formation_mission_runner-14-1791123608.223,AAV3,/aav_3/formation_action,return:formation-climb:drone_2,assembly,1109.9495487213135,1133.5499999523163,3,True
C,c-45b0c96d0f75,c-45b0c96d0f75::formation-assembly:drone_2,c-45b0c96d0f75::formation-assembly:drone_2:step:1,/formation_mission_runner-17-1791123632.003,AAV3,/aav_3/formation_action,return:formation-slot:drone_2,assembly,1133.7295486927032,1142.9800000190735,3,True
C,c-45b0c96d0f75,c-45b0c96d0f75::formation-assembly:drone_1,c-45b0c96d0f75::formation-assembly:drone_1:step:1,/formation_mission_runner-16-1791123622.363,AAV2,/aav_2/formation_action,return:formation-slot:drone_1,assembly,1124.089548587799,1146.9800000190735,3,True
C,c-45b0c96d0f75,c-45b0c96d0f75::formation-assembly:drone_0,c-45b0c96d0f75::formation-assembly:drone_0:step:1,/formation_mission_runner-15-1791123620.413,AAV1,/aav_1/formation_action,return:formation-slot:drone_0,assembly,1122.139548778534,1148.7200000286102,3,True
C,c-45b0c96d0f75,c-45b0c96d0f75::formation-return,c-45b0c96d0f75::formation-return:step:0,/formation_mission_runner-18-1791123647.213,AAV编队,/aav_formation/formation_action,return:formation-assemble,return,1148.9395487308502,1160.9700000286102,3,True
C,c-45b0c96d0f75,c-45b0c96d0f75::formation-return,c-45b0c96d0f75::formation-return:step:1,/formation_mission_runner-19-1791123659.443,AAV编队,/aav_formation/formation_action,return:formation-transit,return,1161.1695487499237,1428.2999999523163,3,True
C,c-45b0c96d0f75,c-45b0c96d0f75::formation-return,c-45b0c96d0f75::formation-return:step:2,/formation_mission_runner-20-1791123926.693,AAV编队,/aav_formation/formation_action,return:formation-home,return,1428.4195487499237,1456.6800000667572,3,True
C,c-45b0c96d0f75,c-45b0c96d0f75::retained-return:usv,c-45b0c96d0f75::retained-return:usv,/formation_mission_runner-12-1791123608.223,USV,/usv/platform_task,return:usv,return,1109.9495487213135,2059.140000104904,3,True
