business,request_id,product_id,work_id,work_version,goal_id,member,generated_s,received_s,task_event_wait_s,event_type,required_bytes
A,circle-2.00-4.00-r2.00-mapping,/formation_mission_runner-6-1791134816.311:air_map_-2_-2,,,/formation_mission_runner-6-1791134816.311,AAV2,109.89000010490417,109.92000007629395,0.029999971389770508,MAPPING_PROXY,
A,circle-2.00-4.00-r2.00-mapping,/formation_mission_runner-6-1791134816.311:air_map_-2_-1,,,/formation_mission_runner-6-1791134816.311,AAV2,109.89000010490417,109.92000007629395,0.029999971389770508,MAPPING_PROXY,
A,circle-2.00-4.00-r2.00-mapping,/formation_mission_runner-6-1791134816.311:air_map_-2_+0,,,/formation_mission_runner-6-1791134816.311,AAV2,109.89000010490417,109.92000007629395,0.029999971389770508,MAPPING_PROXY,
A,circle-2.00-4.00-r2.00-mapping,/formation_mission_runner-6-1791134816.311:air_map_-2_+1,,,/formation_mission_runner-6-1791134816.311,AAV2,109.89000010490417,109.92000007629395,0.029999971389770508,MAPPING_PROXY,
A,circle-2.00-4.00-r2.00-mapping,/formation_mission_runner-6-1791134816.311:air_map_-1_-2,,,/formation_mission_runner-6-1791134816.311,AAV2,109.89000010490417,109.92000007629395,0.029999971389770508,MAPPING_PROXY,
A,circle-2.00-4.00-r2.00-mapping,/formation_mission_runner-6-1791134816.311:air_map_-1_-1,,,/formation_mission_runner-6-1791134816.311,AAV2,109.89000010490417,109.92000007629395,0.029999971389770508,MAPPING_PROXY,
A,circle-2.00-4.00-r2.00-mapping,/formation_mission_runner-6-1791134816.311:air_map_-1_+0,,,/formation_mission_runner-6-1791134816.311,AAV2,109.89000010490417,109.92000007629395,0.029999971389770508,MAPPING_PROXY,
A,circle-2.00-4.00-r2.00-mapping,/formation_mission_runner-6-1791134816.311:air_map_-1_+1,,,/formation_mission_runner-6-1791134816.311,AAV2,109.89000010490417,109.92000007629395,0.029999971389770508,MAPPING_PROXY,
A,circle-2.00-4.00-r2.00-mapping,/formation_mission_runner-6-1791134816.311:air_map_+0_-2,,,/formation_mission_runner-6-1791134816.311,AAV2,109.89000010490417,109.92000007629395,0.029999971389770508,MAPPING_PROXY,
A,circle-2.00-4.00-r2.00-mapping,/formation_mission_runner-6-1791134816.311:air_map_+0_-1,,,/formation_mission_runner-6-1791134816.311,AAV2,109.89000010490417,109.92000007629395,0.029999971389770508,MAPPING_PROXY,
A,circle-2.00-4.00-r2.00-mapping,/formation_mission_runner-6-1791134816.311:air_map_+0_+0,,,/formation_mission_runner-6-1791134816.311,AAV2,109.89000010490417,109.92000007629395,0.029999971389770508,MAPPING_PROXY,
A,circle-2.00-4.00-r2.00-mapping,/formation_mission_runner-6-1791134816.311:air_map_+0_+1,,,/formation_mission_runner-6-1791134816.311,AAV2,109.89000010490417,109.92000007629395,0.029999971389770508,MAPPING_PROXY,
A,circle-2.00-4.00-r2.00-mapping,/formation_mission_runner-6-1791134816.311:air_map_+1_-2,,,/formation_mission_runner-6-1791134816.311,AAV2,109.89000010490417,109.92000007629395,0.029999971389770508,MAPPING_PROXY,
A,circle-2.00-4.00-r2.00-mapping,/formation_mission_runner-6-1791134816.311:air_map_+1_-1,,,/formation_mission_runner-6-1791134816.311,AAV2,109.89000010490417,109.92000007629395,0.029999971389770508,MAPPING_PROXY,
A,circle-2.00-4.00-r2.00-mapping,/formation_mission_runner-6-1791134816.311:air_map_+1_+0,,,/formation_mission_runner-6-1791134816.311,AAV2,109.89000010490417,109.92000007629395,0.029999971389770508,MAPPING_PROXY,
A,circle-2.00-4.00-r2.00-mapping,/formation_mission_runner-6-1791134816.311:air_map_+1_+1,,,/formation_mission_runner-6-1791134816.311,AAV2,109.89000010490417,109.92000007629395,0.029999971389770508,MAPPING_PROXY,
A,circle-2.00-4.00-r2.00-mapping,/formation_mission_runner-3-1791134706.861:deep_map_-2_-1,,,/formation_mission_runner-3-1791134706.861,UUV,102.75999999046326,267.3200001716614,164.56000018119812,MAPPING_PROXY,
A,circle-2.00-4.00-r2.00-mapping,/formation_mission_runner-3-1791134706.861:deep_map_-2_+0,,,/formation_mission_runner-3-1791134706.861,UUV,102.75999999046326,267.3200001716614,164.56000018119812,MAPPING_PROXY,
A,circle-2.00-4.00-r2.00-mapping,/formation_mission_runner-3-1791134706.861:deep_map_-2_-2,,,/formation_mission_runner-3-1791134706.861,UUV,103.00999999046326,267.3200001716614,164.31000018119812,MAPPING_PROXY,
A,circle-2.00-4.00-r2.00-mapping,/formation_mission_runner-3-1791134706.861:deep_map_-2_+1,,,/formation_mission_runner-3-1791134706.861,UUV,104.25999999046326,267.3200001716614,163.06000018119812,MAPPING_PROXY,
A,circle-2.00-4.00-r2.00-mapping,/formation_mission_runner-3-1791134706.861:deep_map_-1_+0,,,/formation_mission_runner-3-1791134706.861,UUV,106.50999999046326,267.3200001716614,160.81000018119812,MAPPING_PROXY,
A,circle-2.00-4.00-r2.00-mapping,/formation_mission_runner-3-1791134706.861:deep_map_-1_-1,,,/formation_mission_runner-3-1791134706.861,UUV,107.25999999046326,267.3200001716614,160.06000018119812,MAPPING_PROXY,
A,circle-2.00-4.00-r2.00-mapping,/formation_mission_runner-3-1791134706.861:deep_map_-1_-2,,,/formation_mission_runner-3-1791134706.861,UUV,108.25999999046326,267.3200001716614,159.06000018119812,MAPPING_PROXY,
A,circle-2.00-4.00-r2.00-mapping,/formation_mission_runner-3-1791134706.861:deep_map_-1_+1,,,/formation_mission_runner-3-1791134706.861,UUV,108.75999999046326,267.3200001716614,158.56000018119812,MAPPING_PROXY,
A,circle-2.00-4.00-r2.00-mapping,/formation_mission_runner-3-1791134706.861:deep_map_+0_-2,,,/formation_mission_runner-3-1791134706.861,UUV,113.50999999046326,267.3200001716614,153.81000018119812,MAPPING_PROXY,
A,circle-2.00-4.00-r2.00-mapping,/formation_mission_runner-3-1791134706.861:deep_map_+0_-1,,,/formation_mission_runner-3-1791134706.861,UUV,114.25999999046326,267.3200001716614,153.06000018119812,MAPPING_PROXY,
A,circle-2.00-4.00-r2.00-mapping,/formation_mission_runner-3-1791134706.861:deep_map_+1_-2,,,/formation_mission_runner-3-1791134706.861,UUV,115.00999999046326,267.3200001716614,152.31000018119812,MAPPING_PROXY,
A,circle-2.00-4.00-r2.00-mapping,/formation_mission_runner-3-1791134706.861:deep_map_+0_+0,,,/formation_mission_runner-3-1791134706.861,UUV,115.75999999046326,267.3200001716614,151.56000018119812,MAPPING_PROXY,
A,circle-2.00-4.00-r2.00-mapping,/formation_mission_runner-3-1791134706.861:deep_map_+0_+1,,,/formation_mission_runner-3-1791134706.861,UUV,115.75999999046326,267.3200001716614,151.56000018119812,MAPPING_PROXY,
A,circle-2.00-4.00-r2.00-mapping,/formation_mission_runner-3-1791134706.861:deep_map_+1_-1,,,/formation_mission_runner-3-1791134706.861,UUV,115.75999999046326,267.3200001716614,151.56000018119812,MAPPING_PROXY,
A,circle-2.00-4.00-r2.00-mapping,/formation_mission_runner-3-1791134706.861:deep_map_+1_+0,,,/formation_mission_runner-3-1791134706.861,UUV,115.75999999046326,267.3200001716614,151.56000018119812,MAPPING_PROXY,
A,circle-2.00-4.00-r2.00-mapping,/formation_mission_runner-3-1791134706.861:deep_map_+1_+1,,,/formation_mission_runner-3-1791134706.861,UUV,115.75999999046326,267.3200001716614,151.56000018119812,MAPPING_PROXY,
A,circle-2.00-4.00-r2.00-mapping,/formation_mission_runner-8-1791135085.771:aav_water_sample,,,/formation_mission_runner-8-1791135085.771,AAV1,391.75999999046326,416.8200001716614,25.06000018119812,MAPPING_PROXY,
B,b-09b8504be510,/formation_mission_runner-2-1791110208.156:work:wind_2:air,wind_2:air,cf052a21f59ee0f24a0e2e6568dbd152d582955d3858d2c78380550e63595b3c,/formation_mission_runner-2-1791110208.156,AAV1,657.4399998188019,1091.0599999427795,433.62000012397766,INSPECTION_CONTROL_REPORT,0
B,b-09b8504be510,/formation_mission_runner-1-1791110208.136:work:wind_1:air,wind_1:air,a81b47ebf301b9803474432b2baf53567e437430b11591a9182f8bed8e17a919,/formation_mission_runner-1-1791110208.136,AAV3,662.6999998092651,1091.0599999427795,428.3600001335144,INSPECTION_CONTROL_REPORT,0
B,b-09b8504be510,/formation_mission_runner-6-1791110338.076:work:wind_1:foundation,wind_1:foundation,54a98d1522176da65138bc0f348d597fe20d50fe67840058508c7c058b78c42a,/formation_mission_runner-6-1791110338.076,AAV2,450.5,1091.159999847412,640.6599998474121,INSPECTION_CONTROL_REPORT,0
B,b-09b8504be510,/formation_mission_runner-3-1791110208.166:work:wind_2:foundation,wind_2:foundation,568026e29dee11a4610f054da17f2fb3f4b891bdc9e225e065ba35b9e0f09ab0,/formation_mission_runner-3-1791110208.166,UUV,519.4599997997284,1268.4599997997284,749.0,INSPECTION_CONTROL_REPORT,0
C,c-45b0c96d0f75,/formation_mission_runner-1-1791122498.493:work:production_platform:air,production_platform:air,aac7f3ee9d139a3881b93837f972e2114aeb909bea5373a3095ce31495fa2517,/formation_mission_runner-1-1791122498.493,AAV2,546.0699999332428,714.3600001335144,168.2900002002716,INSPECTION_CONTROL_REPORT,0
C,c-45b0c96d0f75,/formation_mission_runner-5-1791122612.263:work:seabed_pipeline:pipeline,seabed_pipeline:pipeline,0a43f4194d3835748a1abeb466d5483b34d66bdca85fd19c4de701d43102d556,/formation_mission_runner-5-1791122612.263,AAV1,302.5900001525879,714.460000038147,411.8699998855591,INSPECTION_CONTROL_REPORT,0
C,c-45b0c96d0f75,/formation_mission_runner-6-1791122642.753:work:production_platform:structure,production_platform:structure,48ad0aaf2aa1eaa6a114da3b1708eb429976432b4d1fa5880374814412b5ee5b,/formation_mission_runner-6-1791122642.753,AAV3,685.9300000667572,1096.5599999427795,410.62999987602234,INSPECTION_CONTROL_REPORT,0
